phone_number,first_name,last_name,company_name,city,email
+39 0461 211411,Antonio,Martinelli,OPERA SOCIETA' TRA PROFESSIONISTI S.R.L.,Trento,pipo1@gmail.com
+39 0574 40291,Ascanio,Marradi,CON.SE.A. PRATO - CONFESERCENTI SERVIZI AMMINISTRATIVI E FINAN- ZIARI S.R.L.,Prato,pipo2@gmail.com
+39 0989 358 0010,Carlo Edoardo,Formica,SINERGIA S.R.L. SOCIETA' TRA PROFESSIONISTI,Torino,pipo3@gmail.com
+31 25 122 9345,Celine,Heinrich,Carlo Gavazzi Automation,Walchwil,pipo4@gmail.com
+39 0363 391 0983,Dario,Orizio,NETWORK AND KNOWLEDGE SRL - SOCIETA' TRA PROFESSIONISTI,Brescia,pipo5@gmail.com
+39 0170 264 0937,Davide,Pieve,Agridata srl,Pordenone,pipo6@gmail.com
+39 06 4424 9511,Diana,Pietro,CNA,pipo@gmail.com
+39 035 1530 0360,Egidio,Veronesi,M & W - VERONESI E ASSOCIATI S.R.L. STP,Modena,pipo7@gmail.com
+39 0461 211411,Ernesto,Tait,OPERA SOCIETA' TRA PROFESSIONISTI S.R.L.,Trento,pipo8@gmail.com
+39 02 667591,Fulvio,Frigerio,Fidiger S.p.A.,Milan,pipo9@gmail.com
+39 040 064 2411,Gianluca,Dan,Boscolo & Partners - Crowe,Milan,pipo10@gmail.com
+39 049 664488,Gianluca,Mariani,Integré Spa Stp Società Benefit,Ancona,pipo11@gmail.com
+39 0474 572900,Hermann,Graber,Graber & Partner - Steuerberater für Italien,Bruneck,pipo12@gmail.com
+39 0434 27875,Laura,Rosolin,Agridata srl,Maniago,pipo13@gmail.com
+39 055 27051,Luca,Bartolesi,CON.SE.A.CONFESERCENTI SERVIZI AMMINISTRATIVI S.P.A.,Firenze,pipo14@gmail.com
+39 030 983333,Martina,Cocco,Studio Associato Dottori Commercialisti,Cagliari,pipo15@gmail.com
+39 0474 572300,Michaela,Messner,AUSSERHOFER & PARTNER,Bruneck,pipo16@gmail.com
+39 035 006 3511,Oriana,Nigro,CSA COESI IMPRESA SOCIALE,Bergamo,pipo17@gmail.com
+39 0178 990 0931,Paolo,Croppo,C&C ASSOCIATI S.R.L. SOCIETA' TRA PROFESSIONISTI,Pordenone,pipo18@gmail.com
+39 049 664488,Pietro,Daidone,Integré Spa Stp Società Benefit,Ancona,pipo19@gmail.com
+39 051 522066,Simone,Zucca,Caf Acli Via Emilia,Rome,pipo20@gmail.com
+39 02 582010,Simone Del,Bianco,BDO TAX S.R.L. SOCIETA' TRA PROFESSIONISTI,Milano,pipo21@gmail.com
+39 0474 572300,Sonja,Stolzlechner,AUSSERHOFER & PARTNER,Bolzano,pipo22@gmail.com
+39 040 064 2411,Stefano,Miccio,Boscolo & Partners - Crowe,pipo23@gmail.com
+31 25 122 9345,Yolanta,Cacqueray,Carlo Gavazzi Automation,Steinhausen,pipo24@gmail.com